{
    "categories": [
        "Building Management",
        "Emergency & Safety",
        "Financial Reports",
        "General Documents",
        "Insurance & Assessments",
        "Legal & Governance",
        "Maintenance & Installation",
        "Meeting Documents",
        "Resident Information",
        "Rules & Regulations",
        "Structural Reports",
        "Uncategorized"
    ],
    "file_categories": {
        "file-H2RYgfn2pdxU6tPjMhsU5xYM": "General Documents",
        "file-bhOzd3RfCK9SgmXLdiy3t8ws": "Uncategorized",
        "file-wJozllCU9JKLqTRFJ8Q8GIW5": "General Documents",
        "file-Xp2vhm8LaeOZNvtrekuYFtM6": "Uncategorized",
        "file-gCgFiPiRE909kpbEgz0koPBV": "General Documents",
        "file-039aFrkOb8u6dUM8sJ086dvm": "Maintenance & Installation",
        "file-jmYXqsdBVdgMWJUupLSMGpfo": "General Documents",
        "file-scUZVUGBjUpWwSBIjxBQEKYQ": "General Documents",
        "file-iUE34jNwsmRFqaz3VUVCt8b3": "Maintenance & Installation",
        "file-0oyUHYYS49VhhWgJOAWfTX09": "General Documents",
        "file-eBc9y5q9o8Cr75qWRafQ4kpC": "General Documents",
        "file-evUAOaZ5TlV4KdgOtIiQXAlU": "Uncategorized",
        "file-O4JBNeOCblTCvL1jsc5XnZQC": "Uncategorized",
        "file-5XwGube65n00VPtRrm6bi4F2": "General Documents",
        "file-WoQb4W5l1sqUnOAMZyzQudll": "General Documents",
        "file-TAq2vhzAJRgkFACqQq95T3X1": "General Documents",
        "file-r2Fxlcujgmiz3lMhsOScVdnf": "General Documents",
        "file-SqaKpsPdoaBEsRFbsJEXVQdq": "Maintenance & Installation",
        "file-iiXn2Xix2BUIrv0LwHs4snvy": "Maintenance & Installation",
        "file-BeBo3Tn3izAiDRkMpDW8TMAw": "General Documents",
        "file-mVBRophRS88ntVbZa2t5oPV4": "General Documents",
        "file-rSpFHxervAKLuYfsQBm6MKrc": "General Documents",
        "file-jVvQPwxnv4mga90mRzYySant": "General Documents",
        "file-pdnv6KaDbFmfNHyAuILkQ5ad": "General Documents",
        "file-z2qs8oOsHBmsPA9bxGYjfuZg": "General Documents",
        "file-y1UV9MgkHkgbSu8b3bgV9jCM": "General Documents",
        "file-W7axHA7xz7txOHB330nK4uSi": "Legal & Governance",
        "file-b8DVRJ8ddPKzpK4bH8oLs2tC": "Resident Information",
        "file-pLQBicdOLFad5LMXaKo1PSpN": "Building Management",
        "file-4YW0NKImdrItgQm4IOyByElB": "Legal & Governance",
        "file-UVwylBSdVFLEFOQjBrXaddUm": "Rules & Regulations",
        "file-iKM9Y4LWfPF4CkN9MeNbj7Ur": "Legal & Governance",
        "file-Mt4p09wKqXzH6t84K9LeGPVl": "Legal & Governance",
        "file-hQOXg5bG0xh6kMmqR1IluRjW": "Meeting Documents",
        "file-EvAc5vubNW8T811E6EeyqCy8": "Rules & Regulations",
        "file-hbacOPhZm8LeulRDeNjs879T": "Legal & Governance",
        "file-gDrkaDj2tZxeGkOHGB9f699U": "Legal & Governance",
        "file-Gdo0JTxZU6hXGkd5ITvCxN8c": "Resident Information",
        "file-vG2gdDWdy0hwmeveiofd9XJT": "Rules & Regulations",
        "file-TiQdEh1XM0fmFPtCN4DKcIXi": "Meeting Documents",
        "file-AktPs35klhbkighq9X7yUXBS": "Legal & Governance",
        "file-0le3fGh7SQqYoHmUwPePrI2V": "Legal & Governance",
        "file-vwjyDWzRaftcEus4nbnSQMuz": "Building Management",
        "file-YCc9CGkDKCetwhLaoLpgsxwX": "Legal & Governance",
        "file-dSW2HiYZ5uEKHIbfVfffyxH7": "Rules & Regulations",
        "file-Oz92HGJSLY4Zqz4qd22Q27wf": "Building Management",
        "file-FQ7qwhzRoVsdr2713IpYT3Rh": "Legal & Governance",
        "file-2etCnFCaWmx4whwqRc6UGZcc": "Resident Information",
        "file-x9Xa2QslEt5qPudejOQSTMTX": "Legal & Governance",
        "file-QLQgSLfvhdVGKyBpNBqiMyg3": "Rules & Regulations",
        "file-2wJu0Hud4jphVnr2LOYFBqqj": "Rules & Regulations",
        "file-aue77JmstEOKRylmA3z8RzRI": "Legal & Governance",
        "file-q3CrnDa3xGtVYvPfOEvshwjJ": "Meeting Documents",
        "file-ouBJM8KBWzmSUbGxYDQ2UBTG": "Legal & Governance",
        "file-ITV0TLsfdWoyQHE8sZAOlRsN": "Legal & Governance",
        "file-1bPie5YzFNoDgnvxGMkSIR6L": "Financial Reports",
        "file-wr7pRSkHwRPVjwLF4B8r7J46": "Financial Reports",
        "file-BwpXdzFVD9MG5StLuvD4mn5f": "Uncategorized",
        "file-aEZyci7WajT4LEydY0cAN8o4": "Uncategorized",
        "file-7HzSe3ngcIRZwW2cCQE2T308": "Uncategorized",
        "file-AE6V96o2gHyPTDTQZ0XLUCMA": "Uncategorized",
        "file-idcgp9X9IcwwMdzPV5DYJJ1S": "Uncategorized",
        "file-1Nm1QGSx7wGJBjgN9mhuEWPv": "Financial Reports",
        "file-AelwhTKBuYAmzcCTJGgySAzI": "Financial Reports",
        "file-LgJK0nW4gXXcYkCahWxY7Q39": "Financial Reports",
        "file-vE6RbrF9GgKrVjSTI8y3ErSk": "Financial Reports",
        "file-2ioOLuuSdFB3VAoP9WkYgXcv": "Financial Reports",
        "file-En4EKcbbyE5sDbj7FdTdKyXr": "Financial Reports",
        "file-Y7m2hltxv8xphjh9hQrcvuWJ": "Financial Reports",
        "file-NP4RyC6eXkIHrks2mMS6NZSG": "Financial Reports",
        "file-i9KHvYsnCimwLtDuanRqNhln": "Financial Reports",
        "file-sDlH8Whux9M5egw2cZXgihho": "Legal & Governance",
        "file-vgUL4QHV5KriaZhE3eB2pOEt": "General Documents",
        "file-rPvzZKurWKUvPNEEaGERQJmL": "Legal & Governance",
        "file-DUN6IRBzUVODWzTQgs9TesCE": "Resident Information",
        "file-IIYsn2emAaWq5WpxF9l0IPmT": "Legal & Governance",
        "file-xIvffhNe9stn0PRnPUQCtUpJ": "Building Management",
        "file-LjL9myQIar57GZJhyQQo6FIO": "Legal & Governance",
        "file-whEycgAjLUTCAimRn2ESFDAY": "Meeting Documents",
        "file-GvvR2eWyD7hRZYi24USrFmEx": "Rules & Regulations",
        "file-XbrJXk8ok5JcgFx46sraoxEO": "Rules & Regulations",
        "file-nn0OJWYgukyiLKZF0r79FdXO": "Legal & Governance",
        "file-OQhhVLS52zcrYOjNf1EvQX26": "General Documents",
        "file-1vj1wWANwFVSKfvDjAn2cLRh": "General Documents",
        "file-dGLS0GHxXoHAYVtbUmPhSuYb": "General Documents",
        "file-qeBxj63u0SSbZhFbdtkWYctM": "Building Management",
        "file-08z32JxvfPtbTpaPR52wsz8j": "Building Management",
        "file-SMdqbbKMOwgfvL06EwAhRasI": "Meeting Documents",
        "file-STtLLR3dsuNE7ZVGL49delAI": "Meeting Documents",
        "file-WO8aEhf6PBR1lbgaISGtcqXb": "Meeting Documents",
        "file-N4haqjdYwNf35HUQm7pGW27K": "Meeting Documents",
        "file-yuVrJ44fQFsi2ha7aRj8LDbx": "Meeting Documents",
        "file-CsZXBtWRG7zXzbsP4A7ywjrH": "Meeting Documents",
        "file-k91y5JT9ltjofBdGjmpV63iP": "General Documents",
        "file-EjRSz8zk43teNN2zD4zOsM43": "Legal & Governance",
        "file-WaDAMPdooA2kOAOcXJ9k1g8z": "Legal & Governance",
        "file-AoSzB2ncZV93zQ5ebaQ4miVL": "General Documents",
        "file-8vBTJkG3IAQy8cAcNcCsQPw7": "Legal & Governance",
        "file-rFQr9JpPxb2ei8WxuZJpexfC": "Legal & Governance",
        "file-YRJiDnZakMCHoAcbFPAiv7n9": "Emergency & Safety",
        "file-OJKAZ0a7n5PtiuY7a6qIT2Le": "Emergency & Safety",
        "file-03uyN7yJYEpKAbGgCUTiNcxz": "General Documents",
        "file-R3GwO1sIBgWHeXqC7bNpRM0q": "Emergency & Safety",
        "file-U8Pf1KNZAtX99fuenF3eN1yb": "Emergency & Safety",
        "file-QbswojHYte03NZ67XpsTxwsV": "General Documents",
        "file-p7dfwBY77MLOTP637gdFQBK2": "Building Management",
        "file-vGVAt6phoJ67CeFO4WXsKVqi": "Insurance & Assessments",
        "file-nDDtH3BNWyi0b1MDtbe0ppFg": "Financial Reports",
        "file-Tk46hASMeRxACPgVHaYgpYmI": "Structural Reports",
        "file-zsoWLwtGQPLLPYAXRe8wrhZE": "Building Management",
        "file-BxK3kfdNoB20XKN70xCuTqNz": "Meeting Documents",
        "file-bc33bvpnxF8CG2uo8jYnbBCr": "Resident Information",
        "file-GSBtByFDkfmgz4ZBZojjyEhg": "Uncategorized",
        "file-2ji8aIm7NPU7SEJBHzj44DzI": "Building Management",
        "file-eBnqtwQnX3Ieo4AtrUwquhOd": "Building Management",
        "file-EX5LTL86QioNyV7j6IOwgq1S": "Uncategorized",
        "file-fMjkybYZLi6fJy43ssGps66A": "General Documents",
        "file-ygTfZCKVqKcQlFlUbisMpN9S": "General Documents",
        "file-ECLnutnyyF77OOw8qx9z5MZj": "Financial Reports",
        "file-WkKGbdbu22FbKvglxpqwOJ4B": "Financial Reports",
        "file-Dc41mp7MsyuP9ZB26rpBXwUw": "Building Management",
        "file-qfPNT9livQttGKM4AskUkKFt": "Legal & Governance",
        "file-O2f3on1joNRj7OKAaYwvwJS1": "Legal & Governance",
        "file-h2JQRCjy0CPl0BGCIuq3MR42": "General Documents",
        "file-FRZ14F8931jQJh9T77Ub1u": "Financial Reports"
    }
}