{
  "url": "https://platform.openai.com/docs/api-reference/assistants/object",
  "type": "openai",
  "markdown_path": "/Users/stuartkerr/Code/CascadeProjects/api-docs-manager/docs/markdown/openai-assistants.md",
  "json_path": "/Users/stuartkerr/Code/CascadeProjects/api-docs-manager/docs/json/openai-assistants.json",
  "raw_path": "/Users/stuartkerr/Code/CascadeProjects/api-docs-manager/docs/raw/openai-assistants.yaml",
  "last_updated": "2024-11-28T17:20:15.505111",
  "api_name": "openai-assistants"
}